"Time","pdb","impor","ekspor","terima_pajak","konsumsi_rt","suku_bunga","inflasi","konsumsi_pemerintah","Kurs"
"2022","11,710,397,800,000,000","2,415,760,069,900,000","2,858,316,402,200,000","512,937,300,000,000","6,327,069,223,900,000","8.52","4.2094638340217","870093194690000","15809.66"
"2021","11,120,077,900,000,000","2,105,237,660,200,000","2,458,032,272,300,000","450,612,500,000,000","6,029,118,772,000,000","8.9225","1.5601299052567","911198142440000","14336.33"
"2020","10,722,999,300,000,000","1,686,003,790,000,000","2,083,941,848,300,000","391,367,000,000,000","5,910,529,909,000,000","9.5441666666667","1.9209680056685","874145565040000","14175.53"
"2019","10,949,155,400,000,000","2,046,244,202,200,000","2,275,488,258,400,000","450,545,000,000,000","6,072,426,874,400,000","10.365833333333","3.0305866496949","855962993000000","14014.73"
"2018","10,425,851,900,000,000","2,203,269,940,300,000","2,286,394,893,100,000","422,959,100,000,000","5,774,426,111,700,000","10.536666666667","3.1983464156241","828876592790000","14553"
"2017","9,912,928,100,000,000","1,964,819,168,800,000","2,146,564,516,800,000","381,669,000,000,000","5,492,292,993,800,000","11.073333333333","3.8087980695316","790756399020000","13616"
"2016","9,434,613,400,000,000","1,818,133,162,500,000","1,971,182,638,200,000","336,915,500,000,000","5,231,670,240,000,000","11.888333333333","3.5258051568793","774304531610000","13503"
"2015","8,982,517,100,000,000","1,862,938,951,000,000","2,004,466,985,100,000","282,981,800,000,000","4,980,430,660,300,000","12.6625","6.3631211311561","775397990350000","13863"
"2014","8,564,866,600,000,000","1,987,113,919,400,000","2,047,887,101,000,000","213,497,900,000,000","4,750,438,443,300,000","12.605","6.3949254081992","736283114990000","12498"
"2013","8,156,497,800,000,000","1,945,867,324,000,000","2,026,113,681,000,000","203,185,500,000,000","4,512,034,909,900,000","11.6575","6.4125133015642","727812074140000","12331"
"2012","7,727,083,400,000,000","1,910,299,521,000,000","1,945,063,702,900,000","166,820,600,000,000","4,277,706,215,400,000","11.795","4.2794999964197","681818998050000","9718"
"2011","7,287,635,300,000,000","1,768,821,873,800,000","1,914,267,941,400,000","145,001,100,000,000","4,054,078,894,900,000","12.403333333333","5.3560477898215","652291695000000","9113"
"2010","6,864,133,100,000,000","1,537,719,772,700,000","1,667,917,825,500,000","180,453,300,000,000","3,858,821,771,800,000","13.251666666667","5.1342040076793","618177992000000","9023"
"","","","","","","","","",""
"","","","","","","","","",""
"","","","","","","","","",""
"","","","","","","","","",""
"","","","","","","","","",""
"","","","","","","","","",""
"","","","","","","","","",""
"","","","","","","","","",""
"","","","","","","","","",""
"","","","","","","","","",""
"","","","","","","","","",""
"","","","","","","","","",""
"","","","","","","","","",""
"","","","","","","","","",""
"","","","","","","","","",""
"","","","","","","","","",""
"","","","","","","","","",""
"","","","","","","","","",""
"","","","","","","","","",""
"","","","","","","","","",""
"","","","","","","","","",""
"","","","","","","","","",""
"","","","","","","","","",""
"","","","","","","","","",""
"","","","","","","","","",""
"","","","","","","","","",""
"","","","","","","","","",""
"","","","","","","","","",""
"","","","","","","","","",""
"","","","","","","","","",""
"","","","","","","","","",""
"","","","","","","","","",""
"","","","","","","","","",""
"","","","","","","","","",""
"","","","","","","","","",""
"","","","","","","","","",""
"","","","","","","","","",""
"","","","","","","","","",""
"","","","","","","","","",""
"","","","","","","","","",""
"","","","","","","","","",""
"","","","","","","","","",""
"","","","","","","","","",""
"","","","","","","","","",""
"","","","","","","","","",""
"","","","","","","","","",""
"","","","","","","","","",""
"","","","","","","","","",""
"","","","","","","","","",""
"","","","","","","","","",""
"","","","","","","","","",""
"","","","","","","","","",""
"","","","","","","","","",""
"","","","","","","","","",""
"","","","","","","","","",""
"","","","","","","","","",""
"","","","","","","","","",""
"","","","","","","","","",""
"","","","","","","","","",""
"","","","","","","","","",""
"","","","","","","","","",""
"","","","","","","","","",""
"","","","","","","","","",""
"","","","","","","","","",""
"","","","","","","","","",""
"","","","","","","","","",""
"","","","","","","","","",""
"","","","","","","","","",""
"","","","","","","","","",""
"","","","","","","","","",""
"","","","","","","","","",""
"","","","","","","","","",""
"","","","","","","","","",""
"","","","","","","","","",""
"","","","","","","","","",""
"","","","","","","","","",""
"","","","","","","","","",""
"","","","","","","","","",""
"","","","","","","","","",""
"","","","","","","","","",""
"","","","","","","","","",""
"","","","","","","","","",""
"","","","","","","","","",""
"","","","","","","","","",""
"","","","","","","","","",""
"","","","","","","","","",""
"","","","","","","","","",""
"","","","","","","","","",""
"","","","","","","","","",""
"","","","","","","","","",""
"","","","","","","","","",""
"","","","","","","","","",""
"","","","","","","","","",""
"","","","","","","","","",""
"","","","","","","","","",""
"","","","","","","","","",""
"","","","","","","","","",""
"","","","","","","","","",""
"","","","","","","","","",""
"","","","","","","","","",""
"","","","","","","","","",""
"","","","","","","","","",""
"","","","","","","","","",""
"","","","","","","","","",""
"","","","","","","","","",""
"","","","","","","","","",""
"","","","","","","","","",""
"","","","","","","","","",""
"","","","","","","","","",""
"","","","","","","","","",""
"","","","","","","","","",""
"","","","","","","","","",""
"","","","","","","","","",""
"","","","","","","","","",""
"","","","","","","","","",""
"","","","","","","","","",""
"","","","","","","","","",""
"","","","","","","","","",""
"","","","","","","","","",""
"","","","","","","","","",""
"","","","","","","","","",""
"","","","","","","","","",""
"","","","","","","","","",""
"","","","","","","","","",""
"","","","","","","","","",""
"","","","","","","","","",""
"","","","","","","","","",""
"","","","","","","","","",""
"","","","","","","","","",""
"","","","","","","","","",""
"","","","","","","","","",""
"","","","","","","","","",""
"","","","","","","","","",""
"","","","","","","","","",""
"","","","","","","","","",""
"","","","","","","","","",""
"","","","","","","","","",""
"","","","","","","","","",""
"","","","","","","","","",""
"","","","","","","","","",""
"","","","","","","","","",""
"","","","","","","","","",""
"","","","","","","","","",""
"","","","","","","","","",""
"","","","","","","","","",""
"","","","","","","","","",""
"","","","","","","","","",""
"","","","","","","","","",""
"","","","","","","","","",""
"","","","","","","","","",""
"","","","","","","","","",""
"","","","","","","","","",""
"","","","","","","","","",""
"","","","","","","","","",""
"","","","","","","","","",""
"","","","","","","","","",""
"","","","","","","","","",""
"","","","","","","","","",""
"","","","","","","","","",""
"","","","","","","","","",""
"","","","","","","","","",""
"","","","","","","","","",""
"","","","","","","","","",""
"","","","","","","","","",""
"","","","","","","","","",""
"","","","","","","","","",""
"","","","","","","","","",""
"","","","","","","","","",""
"","","","","","","","","",""
"","","","","","","","","",""
"","","","","","","","","",""
"","","","","","","","","",""
"","","","","","","","","",""
"","","","","","","","","",""
"","","","","","","","","",""
"","","","","","","","","",""
"","","","","","","","","",""
"","","","","","","","","",""
"","","","","","","","","",""
"","","","","","","","","",""
"","","","","","","","","",""
"","","","","","","","","",""
"","","","","","","","","",""
"","","","","","","","","",""
"","","","","","","","","",""
"","","","","","","","","",""
"","","","","","","","","",""
"","","","","","","","","",""
"","","","","","","","","",""
"","","","","","","","","",""
"","","","","","","","","",""
"","","","","","","","","",""
"","","","","","","","","",""
"","","","","","","","","",""
"","","","","","","","","",""
"","","","","","","","","",""
"","","","","","","","","",""
"","","","","","","","","",""
"","","","","","","","","",""
"","","","","","","","","",""
"","","","","","","","","",""
"","","","","","","","","",""
"","","","","","","","","",""
"","","","","","","","","",""
"","","","","","","","","",""
"","","","","","","","","",""
"","","","","","","","","",""
"","","","","","","","","",""
"","","","","","","","","",""
"","","","","","","","","",""
"","","","","","","","","",""
"","","","","","","","","",""
"","","","","","","","","",""
"","","","","","","","","",""
"","","","","","","","","",""
"","","","","","","","","",""
"","","","","","","","","",""
"","","","","","","","","",""
"","","","","","","","","",""
"","","","","","","","","",""
"","","","","","","","","",""
"","","","","","","","","",""
"","","","","","","","","",""
"","","","","","","","","",""
"","","","","","","","","",""
"","","","","","","","","",""
"","","","","","","","","",""
"","","","","","","","","",""
"","","","","","","","","",""
"","","","","","","","","",""
"","","","","","","","","",""
"","","","","","","","","",""
"","","","","","","","","",""
"","","","","","","","","",""
"","","","","","","","","",""
"","","","","","","","","",""
"","","","","","","","","",""
"","","","","","","","","",""
"","","","","","","","","",""
"","","","","","","","","",""
"","","","","","","","","",""
"","","","","","","","","",""
"","","","","","","","","",""
"","","","","","","","","",""
"","","","","","","","","",""
"","","","","","","","","",""
"","","","","","","","","",""
"","","","","","","","","",""
"","","","","","","","","",""
"","","","","","","","","",""
"","","","","","","","","",""
"","","","","","","","","",""
"","","","","","","","","",""
"","","","","","","","","",""
"","","","","","","","","",""
"","","","","","","","","",""
"","","","","","","","","",""
"","","","","","","","","",""
"","","","","","","","","",""
"","","","","","","","","",""
"","","","","","","","","",""
"","","","","","","","","",""
"","","","","","","","","",""
"","","","","","","","","",""
"","","","","","","","","",""
"","","","","","","","","",""
"","","","","","","","","",""
"","","","","","","","","",""
"","","","","","","","","",""
"","","","","","","","","",""
"","","","","","","","","",""
"","","","","","","","","",""
"","","","","","","","","",""
"","","","","","","","","",""
"","","","","","","","","",""
"","","","","","","","","",""
"","","","","","","","","",""
"","","","","","","","","",""
"","","","","","","","","",""
"","","","","","","","","",""
"","","","","","","","","",""
"","","","","","","","","",""
"","","","","","","","","",""
"","","","","","","","","",""
"","","","","","","","","",""
"","","","","","","","","",""
"","","","","","","","","",""
"","","","","","","","","",""
"","","","","","","","","",""
"","","","","","","","","",""
"","","","","","","","","",""
"","","","","","","","","",""
"","","","","","","","","",""
"","","","","","","","","",""
"","","","","","","","","",""
"","","","","","","","","",""
"","","","","","","","","",""
"","","","","","","","","",""
"","","","","","","","","",""
"","","","","","","","","",""
"","","","","","","","","",""
"","","","","","","","","",""
"","","","","","","","","",""
"","","","","","","","","",""
"","","","","","","","","",""
"","","","","","","","","",""
"","","","","","","","","",""
"","","","","","","","","",""
"","","","","","","","","",""
"","","","","","","","","",""
"","","","","","","","","",""
"","","","","","","","","",""
"","","","","","","","","",""
"","","","","","","","","",""
"","","","","","","","","",""
"","","","","","","","","",""
"","","","","","","","","",""
"","","","","","","","","",""
"","","","","","","","","",""
"","","","","","","","","",""
"","","","","","","","","",""
"","","","","","","","","",""
"","","","","","","","","",""
"","","","","","","","","",""
"","","","","","","","","",""
"","","","","","","","","",""
"","","","","","","","","",""
"","","","","","","","","",""
"","","","","","","","","",""
"","","","","","","","","",""
"","","","","","","","","",""
"","","","","","","","","",""
"","","","","","","","","",""
"","","","","","","","","",""
"","","","","","","","","",""
"","","","","","","","","",""
"","","","","","","","","",""
"","","","","","","","","",""
"","","","","","","","","",""
"","","","","","","","","",""
"","","","","","","","","",""
"","","","","","","","","",""
"","","","","","","","","",""
"","","","","","","","","",""
"","","","","","","","","",""
"","","","","","","","","",""
"","","","","","","","","",""
"","","","","","","","","",""
"","","","","","","","","",""
"","","","","","","","","",""
"","","","","","","","","",""
"","","","","","","","","",""
"","","","","","","","","",""
"","","","","","","","","",""
"","","","","","","","","",""
"","","","","","","","","",""
"","","","","","","","","",""
"","","","","","","","","",""
"","","","","","","","","",""
"","","","","","","","","",""
"","","","","","","","","",""
"","","","","","","","","",""
"","","","","","","","","",""
"","","","","","","","","",""
"","","","","","","","","",""
"","","","","","","","","",""
"","","","","","","","","",""
"","","","","","","","","",""
"","","","","","","","","",""
"","","","","","","","","",""
"","","","","","","","","",""
"","","","","","","","","",""
"","","","","","","","","",""
"","","","","","","","","",""
"","","","","","","","","",""
"","","","","","","","","",""
"","","","","","","","","",""
"","","","","","","","","",""
"","","","","","","","","",""
"","","","","","","","","",""
"","","","","","","","","",""
"","","","","","","","","",""
"","","","","","","","","",""
"","","","","","","","","",""
"","","","","","","","","",""
"","","","","","","","","",""
"","","","","","","","","",""
"","","","","","","","","",""
"","","","","","","","","",""
"","","","","","","","","",""
"","","","","","","","","",""
"","","","","","","","","",""
"","","","","","","","","",""
"","","","","","","","","",""
"","","","","","","","","",""
"","","","","","","","","",""
"","","","","","","","","",""
"","","","","","","","","",""
"","","","","","","","","",""
"","","","","","","","","",""
"","","","","","","","","",""
"","","","","","","","","",""
"","","","","","","","","",""
"","","","","","","","","",""
"","","","","","","","","",""
"","","","","","","","","",""
"","","","","","","","","",""
"","","","","","","","","",""
"","","","","","","","","",""
"","","","","","","","","",""
"","","","","","","","","",""
"","","","","","","","","",""
"","","","","","","","","",""
"","","","","","","","","",""
"","","","","","","","","",""
"","","","","","","","","",""
"","","","","","","","","",""
"","","","","","","","","",""
"","","","","","","","","",""
"","","","","","","","","",""
"","","","","","","","","",""
"","","","","","","","","",""
"","","","","","","","","",""
"","","","","","","","","",""
"","","","","","","","","",""
"","","","","","","","","",""
"","","","","","","","","",""
"","","","","","","","","",""
"","","","","","","","","",""
"","","","","","","","","",""
"","","","","","","","","",""
"","","","","","","","","",""
"","","","","","","","","",""
"","","","","","","","","",""
"","","","","","","","","",""
"","","","","","","","","",""
"","","","","","","","","",""
"","","","","","","","","",""
"","","","","","","","","",""
"","","","","","","","","",""
"","","","","","","","","",""
"","","","","","","","","",""
"","","","","","","","","",""
"","","","","","","","","",""
"","","","","","","","","",""
"","","","","","","","","",""
"","","","","","","","","",""
"","","","","","","","","",""
"","","","","","","","","",""
"","","","","","","","","",""
"","","","","","","","","",""
"","","","","","","","","",""
"","","","","","","","","",""
"","","","","","","","","",""
"","","","","","","","","",""
"","","","","","","","","",""
"","","","","","","","","",""
"","","","","","","","","",""
"","","","","","","","","",""
"","","","","","","","","",""
"","","","","","","","","",""
"","","","","","","","","",""
"","","","","","","","","",""
"","","","","","","","","",""
"","","","","","","","","",""
"","","","","","","","","",""
"","","","","","","","","",""
"","","","","","","","","",""
"","","","","","","","","",""
"","","","","","","","","",""
"","","","","","","","","",""
"","","","","","","","","",""
"","","","","","","","","",""
"","","","","","","","","",""
"","","","","","","","","",""
"","","","","","","","","",""
"","","","","","","","","",""
"","","","","","","","","",""
"","","","","","","","","",""
"","","","","","","","","",""
"","","","","","","","","",""
"","","","","","","","","",""
"","","","","","","","","",""
"","","","","","","","","",""
"","","","","","","","","",""
"","","","","","","","","",""
"","","","","","","","","",""
"","","","","","","","","",""
"","","","","","","","","",""
"","","","","","","","","",""
"","","","","","","","","",""
"","","","","","","","","",""
"","","","","","","","","",""
"","","","","","","","","",""
"","","","","","","","","",""
"","","","","","","","","",""
"","","","","","","","","",""
"","","","","","","","","",""
"","","","","","","","","",""
"","","","","","","","","",""
"","","","","","","","","",""
"","","","","","","","","",""
"","","","","","","","","",""
"","","","","","","","","",""
"","","","","","","","","",""
"","","","","","","","","",""
"","","","","","","","","",""
"","","","","","","","","",""
"","","","","","","","","",""
"","","","","","","","","",""
"","","","","","","","","",""
"","","","","","","","","",""
"","","","","","","","","",""
"","","","","","","","","",""
"","","","","","","","","",""
"","","","","","","","","",""
"","","","","","","","","",""
"","","","","","","","","",""
"","","","","","","","","",""
"","","","","","","","","",""
"","","","","","","","","",""
"","","","","","","","","",""
"","","","","","","","","",""
"","","","","","","","","",""
"","","","","","","","","",""
"","","","","","","","","",""
"","","","","","","","","",""
"","","","","","","","","",""
"","","","","","","","","",""
"","","","","","","","","",""
"","","","","","","","","",""
"","","","","","","","","",""
"","","","","","","","","",""
"","","","","","","","","",""
"","","","","","","","","",""
"","","","","","","","","",""
"","","","","","","","","",""
"","","","","","","","","",""
"","","","","","","","","",""
"","","","","","","","","",""
"","","","","","","","","",""
"","","","","","","","","",""
"","","","","","","","","",""
"","","","","","","","","",""
"","","","","","","","","",""
"","","","","","","","","",""
"","","","","","","","","",""
"","","","","","","","","",""
"","","","","","","","","",""
"","","","","","","","","",""
"","","","","","","","","",""
"","","","","","","","","",""
"","","","","","","","","",""
"","","","","","","","","",""
"","","","","","","","","",""
"","","","","","","","","",""
"","","","","","","","","",""
"","","","","","","","","",""
"","","","","","","","","",""
"","","","","","","","","",""
"","","","","","","","","",""
"","","","","","","","","",""
"","","","","","","","","",""
"","","","","","","","","",""
"","","","","","","","","",""
"","","","","","","","","",""
"","","","","","","","","",""
"","","","","","","","","",""
"","","","","","","","","",""
"","","","","","","","","",""
"","","","","","","","","",""
"","","","","","","","","",""
"","","","","","","","","",""
"","","","","","","","","",""
"","","","","","","","","",""
"","","","","","","","","",""
"","","","","","","","","",""
"","","","","","","","","",""
"","","","","","","","","",""
"","","","","","","","","",""
"","","","","","","","","",""
"","","","","","","","","",""
"","","","","","","","","",""
"","","","","","","","","",""
"","","","","","","","","",""
"","","","","","","","","",""
"","","","","","","","","",""
"","","","","","","","","",""
"","","","","","","","","",""
"","","","","","","","","",""
"","","","","","","","","",""
"","","","","","","","","",""
"","","","","","","","","",""
"","","","","","","","","",""
"","","","","","","","","",""
"","","","","","","","","",""
"","","","","","","","","",""
"","","","","","","","","",""
"","","","","","","","","",""
"","","","","","","","","",""
"","","","","","","","","",""
"","","","","","","","","",""
"","","","","","","","","",""
"","","","","","","","","",""
"","","","","","","","","",""
"","","","","","","","","",""
"","","","","","","","","",""
"","","","","","","","","",""
"","","","","","","","","",""
"","","","","","","","","",""
"","","","","","","","","",""
"","","","","","","","","",""
"","","","","","","","","",""
"","","","","","","","","",""
"","","","","","","","","",""
"","","","","","","","","",""
"","","","","","","","","",""
"","","","","","","","","",""
"","","","","","","","","",""
"","","","","","","","","",""
"","","","","","","","","",""
"","","","","","","","","",""
"","","","","","","","","",""
"","","","","","","","","",""
"","","","","","","","","",""
"","","","","","","","","",""
"","","","","","","","","",""
"","","","","","","","","",""
"","","","","","","","","",""
"","","","","","","","","",""
"","","","","","","","","",""
"","","","","","","","","",""
"","","","","","","","","",""
"","","","","","","","","",""
"","","","","","","","","",""
"","","","","","","","","",""
"","","","","","","","","",""
"","","","","","","","","",""
"","","","","","","","","",""
"","","","","","","","","",""
"","","","","","","","","",""
"","","","","","","","","",""
"","","","","","","","","",""
"","","","","","","","","",""
"","","","","","","","","",""
"","","","","","","","","",""
"","","","","","","","","",""
"","","","","","","","","",""
"","","","","","","","","",""
"","","","","","","","","",""
"","","","","","","","","",""
"","","","","","","","","",""
"","","","","","","","","",""
"","","","","","","","","",""
"","","","","","","","","",""
"","","","","","","","","",""
"","","","","","","","","",""
"","","","","","","","","",""
"","","","","","","","","",""
"","","","","","","","","",""
"","","","","","","","","",""
"","","","","","","","","",""
"","","","","","","","","",""
"","","","","","","","","",""
"","","","","","","","","",""
"","","","","","","","","",""
"","","","","","","","","",""
"","","","","","","","","",""
"","","","","","","","","",""
"","","","","","","","","",""
"","","","","","","","","",""
"","","","","","","","","",""
"","","","","","","","","",""
"","","","","","","","","",""
"","","","","","","","","",""
"","","","","","","","","",""
"","","","","","","","","",""
"","","","","","","","","",""
"","","","","","","","","",""
"","","","","","","","","",""
"","","","","","","","","",""
"","","","","","","","","",""
"","","","","","","","","",""
"","","","","","","","","",""
"","","","","","","","","",""
"","","","","","","","","",""
"","","","","","","","","",""
"","","","","","","","","",""
"","","","","","","","","",""
"","","","","","","","","",""
"","","","","","","","","",""
"","","","","","","","","",""
"","","","","","","","","",""
"","","","","","","","","",""
"","","","","","","","","",""
"","","","","","","","","",""
"","","","","","","","","",""
"","","","","","","","","",""
"","","","","","","","","",""
"","","","","","","","","",""
"","","","","","","","","",""
"","","","","","","","","",""
"","","","","","","","","",""
"","","","","","","","","",""
"","","","","","","","","",""
"","","","","","","","","",""
"","","","","","","","","",""
"","","","","","","","","",""
"","","","","","","","","",""
"","","","","","","","","",""
"","","","","","","","","",""
"","","","","","","","","",""
"","","","","","","","","",""
"","","","","","","","","",""
"","","","","","","","","",""
"","","","","","","","","",""
"","","","","","","","","",""
"","","","","","","","","",""
"","","","","","","","","",""
"","","","","","","","","",""
"","","","","","","","","",""
"","","","","","","","","",""
"","","","","","","","","",""
"","","","","","","","","",""
"","","","","","","","","",""
"","","","","","","","","",""
"","","","","","","","","",""
"","","","","","","","","",""
"","","","","","","","","",""
"","","","","","","","","",""
"","","","","","","","","",""
"","","","","","","","","",""
"","","","","","","","","",""
"","","","","","","","","",""
"","","","","","","","","",""
"","","","","","","","","",""
"","","","","","","","","",""
"","","","","","","","","",""
"","","","","","","","","",""
"","","","","","","","","",""
"","","","","","","","","",""
"","","","","","","","","",""
"","","","","","","","","",""
"","","","","","","","","",""
"","","","","","","","","",""
"","","","","","","","","",""
"","","","","","","","","",""
"","","","","","","","","",""
"","","","","","","","","",""
"","","","","","","","","",""
"","","","","","","","","",""
"","","","","","","","","",""
"","","","","","","","","",""
"","","","","","","","","",""
"","","","","","","","","",""
"","","","","","","","","",""
"","","","","","","","","",""
"","","","","","","","","",""
"","","","","","","","","",""
"","","","","","","","","",""
"","","","","","","","","",""
"","","","","","","","","",""
"","","","","","","","","",""
"","","","","","","","","",""
"","","","","","","","","",""
"","","","","","","","","",""
"","","","","","","","","",""
"","","","","","","","","",""
"","","","","","","","","",""
"","","","","","","","","",""
"","","","","","","","","",""
"","","","","","","","","",""
"","","","","","","","","",""
"","","","","","","","","",""
"","","","","","","","","",""
"","","","","","","","","",""
"","","","","","","","","",""
"","","","","","","","","",""
"","","","","","","","","",""
"","","","","","","","","",""
"","","","","","","","","",""
"","","","","","","","","",""
"","","","","","","","","",""
"","","","","","","","","",""
"","","","","","","","","",""
"","","","","","","","","",""
"","","","","","","","","",""
"","","","","","","","","",""
"","","","","","","","","",""
"","","","","","","","","",""
"","","","","","","","","",""
"","","","","","","","","",""
"","","","","","","","","",""
"","","","","","","","","",""
"","","","","","","","","",""
"","","","","","","","","",""
"","","","","","","","","",""
"","","","","","","","","",""
"","","","","","","","","",""
"","","","","","","","","",""
"","","","","","","","","",""
"","","","","","","","","",""
"","","","","","","","","",""
"","","","","","","","","",""
"","","","","","","","","",""
"","","","","","","","","",""
"","","","","","","","","",""
"","","","","","","","","",""
"","","","","","","","","",""
"","","","","","","","","",""
"","","","","","","","","",""
"","","","","","","","","",""
"","","","","","","","","",""
"","","","","","","","","",""
"","","","","","","","","",""
"","","","","","","","","",""
"","","","","","","","","",""
"","","","","","","","","",""
"","","","","","","","","",""
"","","","","","","","","",""
"","","","","","","","","",""
"","","","","","","","","",""
"","","","","","","","","",""
"","","","","","","","","",""
"","","","","","","","","",""
"","","","","","","","","",""
"","","","","","","","","",""
"","","","","","","","","",""
"","","","","","","","","",""
"","","","","","","","","",""
"","","","","","","","","",""
"","","","","","","","","",""
"","","","","","","","","",""
"","","","","","","","","",""
"","","","","","","","","",""
"","","","","","","","","",""
"","","","","","","","","",""
"","","","","","","","","",""
"","","","","","","","","",""
"","","","","","","","","",""
"","","","","","","","","",""
"","","","","","","","","",""
"","","","","","","","","",""
"","","","","","","","","",""
"","","","","","","","","",""
"","","","","","","","","",""
"","","","","","","","","",""
"","","","","","","","","",""
"","","","","","","","","",""
"","","","","","","","","",""
"","","","","","","","","",""
"","","","","","","","","",""
"","","","","","","","","",""
"","","","","","","","","",""
"","","","","","","","","",""
"","","","","","","","","",""
"","","","","","","","","",""
"","","","","","","","","",""
"","","","","","","","","",""
"","","","","","","","","",""
"","","","","","","","","",""
"","","","","","","","","",""
"","","","","","","","","",""
"","","","","","","","","",""
"","","","","","","","","",""
"","","","","","","","","",""
"","","","","","","","","",""
"","","","","","","","","",""
"","","","","","","","","",""
"","","","","","","","","",""
"","","","","","","","","",""
"","","","","","","","","",""
"","","","","","","","","",""
"","","","","","","","","",""
"","","","","","","","","",""
"","","","","","","","","",""
"","","","","","","","","",""
"","","","","","","","","",""
"","","","","","","","","",""
"","","","","","","","","",""
"","","","","","","","","",""
"","","","","","","","","",""
"","","","","","","","","",""
"","","","","","","","","",""
"","","","","","","","","",""
"","","","","","","","","",""
"","","","","","","","","",""
"","","","","","","","","",""
"","","","","","","","","",""
"","","","","","","","","",""
"","","","","","","","","",""
"","","","","","","","","",""
"","","","","","","","","",""
"","","","","","","","","",""
"","","","","","","","","",""
"","","","","","","","","",""
"","","","","","","","","",""
"","","","","","","","","",""
"","","","","","","","","",""
"","","","","","","","","",""
"","","","","","","","","",""
"","","","","","","","","",""
"","","","","","","","","",""
"","","","","","","","","",""
"","","","","","","","","",""
"","","","","","","","","",""
"","","","","","","","","",""
"","","","","","","","","",""
"","","","","","","","","",""
"","","","","","","","","",""
"","","","","","","","","",""
"","","","","","","","","",""
"","","","","","","","","",""
"","","","","","","","","",""
"","","","","","","","","",""
"","","","","","","","","",""
"","","","","","","","","",""
"","","","","","","","","",""
"","","","","","","","","",""
"","","","","","","","","",""
"","","","","","","","","",""
"","","","","","","","","",""
"","","","","","","","","",""
"","","","","","","","","",""
"","","","","","","","","",""
"","","","","","","","","",""
"","","","","","","","","",""
"","","","","","","","","",""
"","","","","","","","","",""
"","","","","","","","","",""
"","","","","","","","","",""
"","","","","","","","","",""
"","","","","","","","","",""
"","","","","","","","","",""
"","","","","","","","","",""
"","","","","","","","","",""
"","","","","","","","","",""
"","","","","","","","","",""
"","","","","","","","","",""
"","","","","","","","","",""
"","","","","","","","","",""
"","","","","","","","","",""
"","","","","","","","","",""
"","","","","","","","","",""
"","","","","","","","","",""
"","","","","","","","","",""
"","","","","","","","","",""
"","","","","","","","","",""
"","","","","","","","","",""
"","","","","","","","","",""
"","","","","","","","","",""
"","","","","","","","","",""
"","","","","","","","","",""
"","","","","","","","","",""
"","","","","","","","","",""
"","","","","","","","","",""
"","","","","","","","","",""
"","","","","","","","","",""
"","","","","","","","","",""
"","","","","","","","","",""
"","","","","","","","","",""
"","","","","","","","","",""
"","","","","","","","","",""
"","","","","","","","","",""
"","","","","","","","","",""
"","","","","","","","","",""
"","","","","","","","","",""
"","","","","","","","","",""
"","","","","","","","","",""
"","","","","","","","","",""
"","","","","","","","","",""
"","","","","","","","","",""
"","","","","","","","","",""
"","","","","","","","","",""
"","","","","","","","","",""
"","","","","","","","","",""
"","","","","","","","","",""
"","","","","","","","","",""
"","","","","","","","","",""
"","","","","","","","","",""
"","","","","","","","","",""
"","","","","","","","","",""
"","","","","","","","","",""
"","","","","","","","","",""
"","","","","","","","","",""
"","","","","","","","","",""
"","","","","","","","","",""
"","","","","","","","","",""
"","","","","","","","","",""
"","","","","","","","","",""
"","","","","","","","","",""
"","","","","","","","","",""
"","","","","","","","","",""
"","","","","","","","","",""
"","","","","","","","","",""
"","","","","","","","","",""
"","","","","","","","","",""
"","","","","","","","","",""
"","","","","","","","","",""
"","","","","","","","","",""
"","","","","","","","","",""
"","","","","","","","","",""
"","","","","","","","","",""
"","","","","","","","","",""
"","","","","","","","","",""
"","","","","","","","","",""
"","","","","","","","","",""
"","","","","","","","","",""
"","","","","","","","","",""
"","","","","","","","","",""
"","","","","","","","","",""
"","","","","","","","","",""
"","","","","","","","","",""
"","","","","","","","","",""
"","","","","","","","","",""
"","","","","","","","","",""
"","","","","","","","","",""
"","","","","","","","","",""
"","","","","","","","","",""
"","","","","","","","","",""
"","","","","","","","","",""
"","","","","","","","","",""
"","","","","","","","","",""
"","","","","","","","","",""
"","","","","","","","","",""
"","","","","","","","","",""
"","","","","","","","","",""
"","","","","","","","","",""
"","","","","","","","","",""
"","","","","","","","","",""
"","","","","","","","","",""
"","","","","","","","","",""
"","","","","","","","","",""
"","","","","","","","","",""
"","","","","","","","","",""
"","","","","","","","","",""
"","","","","","","","","",""
"","","","","","","","","",""
"","","","","","","","","",""
"","","","","","","","","",""
"","","","","","","","","",""
"","","","","","","","","",""
"","","","","","","","","",""
"","","","","","","","","",""
"","","","","","","","","",""
"","","","","","","","","",""
"","","","","","","","","",""
"","","","","","","","","",""
"","","","","","","","","",""
"","","","","","","","","",""
"","","","","","","","","",""
"","","","","","","","","",""
"","","","","","","","","",""
"","","","","","","","","",""
"","","","","","","","","",""
"","","","","","","","","",""
"","","","","","","","","",""
"","","","","","","","","",""
"","","","","","","","","",""
"","","","","","","","","",""
"","","","","","","","","",""
"","","","","","","","","",""
"","","","","","","","","",""
"","","","","","","","","",""
"","","","","","","","","",""
"","","","","","","","","",""
"","","","","","","","","",""
"","","","","","","","","",""
"","","","","","","","","",""
"","","","","","","","","",""
"","","","","","","","","",""
"","","","","","","","","",""
"","","","","","","","","",""
"","","","","","","","","",""
"","","","","","","","","",""
"","","","","","","","","",""
"","","","","","","","","",""
"","","","","","","","","",""
"","","","","","","","","",""
"","","","","","","","","",""
"","","","","","","","","",""
"","","","","","","","","",""
"","","","","","","","","",""
"","","","","","","","","",""
"","","","","","","","","",""
"","","","","","","","","",""
"","","","","","","","","",""
"","","","","","","","","",""
"","","","","","","","","",""
"","","","","","","","","",""
"","","","","","","","","",""
"","","","","","","","","",""
"","","","","","","","","",""
"","","","","","","","","",""
"","","","","","","","","",""
"","","","","","","","","",""
"","","","","","","","","",""
"","","","","","","","","",""
"","","","","","","","","",""
"","","","","","","","","",""
"","","","","","","","","",""
"","","","","","","","","",""
"","","","","","","","","",""
"","","","","","","","","",""
"","","","","","","","","",""
"","","","","","","","","",""
"","","","","","","","","",""
"","","","","","","","","",""
"","","","","","","","","",""
"","","","","","","","","",""
"","","","","","","","","",""
"","","","","","","","","",""
"","","","","","","","","",""
"","","","","","","","","",""
"","","","","","","","","",""
"","","","","","","","","",""
"","","","","","","","","",""
"","","","","","","","","",""
"","","","","","","","","",""
"","","","","","","","","",""
"","","","","","","","","",""
"","","","","","","","","",""
"","","","","","","","","",""
"","","","","","","","","",""
"","","","","","","","","",""
"","","","","","","","","",""
"","","","","","","","","",""
"","","","","","","","","",""
"","","","","","","","","",""
"","","","","","","","","",""
"","","","","","","","","",""
"","","","","","","","","",""
"","","","","","","","","",""
"","","","","","","","","",""
"","","","","","","","","",""
"","","","","","","","","",""
"","","","","","","","","",""
"","","","","","","","","",""
"","","","","","","","","",""
"","","","","","","","","",""
"","","","","","","","","",""
"","","","","","","","","",""
"","","","","","","","","",""
"","","","","","","","","",""
"","","","","","","","","",""
"","","","","","","","","",""
"","","","","","","","","",""
"","","","","","","","","",""
"","","","","","","","","",""
"","","","","","","","","",""
"","","","","","","","","",""
"","","","","","","","","",""
"","","","","","","","","",""
"","","","","","","","","",""
"","","","","","","","","",""
"","","","","","","","","",""
"","","","","","","","","",""
"","","","","","","","","",""
"","","","","","","","","",""
"","","","","","","","","",""
"","","","","","","","","",""
"","","","","","","","","",""
"","","","","","","","","",""
"","","","","","","","","",""
"","","","","","","","","",""
"","","","","","","","","",""
"","","","","","","","","",""
"","","","","","","","","",""
"","","","","","","","","",""
"","","","","","","","","",""
"","","","","","","","","",""
"","","","","","","","","",""
"","","","","","","","","",""
"","","","","","","","","",""
"","","","","","","","","",""
"","","","","","","","","",""
"","","","","","","","","",""
"","","","","","","","","",""
"","","","","","","","","",""
"","","","","","","","","",""
"","","","","","","","","",""
"","","","","","","","","",""
"","","","","","","","","",""
"","","","","","","","","",""
"","","","","","","","","",""
"","","","","","","","","",""
"","","","","","","","","",""
"","","","","","","","","",""
"","","","","","","","","",""
"","","","","","","","","",""
"","","","","","","","","",""
"","","","","","","","","",""
"","","","","","","","","",""
"","","","","","","","","",""
"","","","","","","","","",""
"","","","","","","","","",""
"","","","","","","","","",""
"","","","","","","","","",""
"","","","","","","","","",""
"","","","","","","","","",""
"","","","","","","","","",""
"","","","","","","","","",""
"","","","","","","","","",""
"","","","","","","","","",""
"","","","","","","","","",""
"","","","","","","","","",""
"","","","","","","","","",""
"","","","","","","","","",""
"","","","","","","","","",""
"","","","","","","","","",""
"","","","","","","","","",""
"","","","","","","","","",""
"","","","","","","","","",""
"","","","","","","","","",""
"","","","","","","","","",""
"","","","","","","","","",""
"","","","","","","","","",""
"","","","","","","","","",""
"","","","","","","","","",""
"","","","","","","","","",""
"","","","","","","","","",""
"","","","","","","","","",""
"","","","","","","","","",""
"","","","","","","","","",""
"","","","","","","","","",""
"","","","","","","","","",""
"","","","","","","","","",""
"","","","","","","","","",""
"","","","","","","","","",""
"","","","","","","","","",""
"","","","","","","","","",""
"","","","","","","","","",""
"","","","","","","","","",""
"","","","","","","","","",""
"","","","","","","","","",""
"","","","","","","","","",""
"","","","","","","","","",""
"","","","","","","","","",""
"","","","","","","","","",""
"","","","","","","","","",""
"","","","","","","","","",""
"","","","","","","","","",""
"","","","","","","","","",""
"","","","","","","","","",""
"","","","","","","","","",""
"","","","","","","","","",""
"","","","","","","","","",""
"","","","","","","","","",""
"","","","","","","","","",""
"","","","","","","","","",""
"","","","","","","","","",""
"","","","","","","","","",""
"","","","","","","","","",""
"","","","","","","","","",""
"","","","","","","","","",""
"","","","","","","","","",""
"","","","","","","","","",""
"","","","","","","","","",""
"","","","","","","","","",""
"","","","","","","","","",""
"","","","","","","","","",""
"","","","","","","","","",""
"","","","","","","","","",""
"","","","","","","","","",""
"","","","","","","","","",""
"","","","","","","","","",""
"","","","","","","","","",""
"","","","","","","","","",""
"","","","","","","","","",""
"","","","","","","","","",""
"","","","","","","","","",""
"","","","","","","","","",""
"","","","","","","","","",""
"","","","","","","","","",""
"","","","","","","","","",""
"","","","","","","","","",""
"","","","","","","","","",""
"","","","","","","","","",""
"","","","","","","","","",""
"","","","","","","","","",""
"","","","","","","","","",""
"","","","","","","","","",""
"","","","","","","","","",""
"","","","","","","","","",""
"","","","","","","","","",""
"","","","","","","","","",""
"","","","","","","","","",""
"","","","","","","","","",""
"","","","","","","","","",""
"","","","","","","","","",""
"","","","","","","","","",""
"","","","","","","","","",""
"","","","","","","","","",""
"","","","","","","","","",""
"","","","","","","","","",""
"","","","","","","","","",""
"","","","","","","","","",""
"","","","","","","","","",""
"","","","","","","","","",""
"","","","","","","","","",""
"","","","","","","","","",""
"","","","","","","","","",""
"","","","","","","","","",""
"","","","","","","","","",""
"","","","","","","","","",""
"","","","","","","","","",""
"","","","","","","","","",""
"","","","","","","","","",""
"","","","","","","","","",""
"","","","","","","","","",""
"","","","","","","","","",""
"","","","","","","","","",""
"","","","","","","","","",""
"","","","","","","","","",""
"","","","","","","","","",""
"","","","","","","","","",""
"","","","","","","","","",""
"","","","","","","","","",""
"","","","","","","","","",""
"","","","","","","","","",""
"","","","","","","","","",""
"","","","","","","","","",""
"","","","","","","","","",""
"","","","","","","","","",""
"","","","","","","","","",""
"","","","","","","","","",""
"","","","","","","","","",""
"","","","","","","","","",""
"","","","","","","","","",""
"","","","","","","","","",""
"","","","","","","","","",""
"","","","","","","","","",""
"","","","","","","","","",""
"","","","","","","","","",""
"","","","","","","","","",""
"","","","","","","","","",""
"","","","","","","","","",""
"","","","","","","","","",""
"","","","","","","","","",""
"","","","","","","","","",""
"","","","","","","","","",""
"","","","","","","","","",""
"","","","","","","","","",""
"","","","","","","","","",""
"","","","","","","","","",""
"","","","","","","","","",""
"","","","","","","","","",""
"","","","","","","","","",""
"","","","","","","","","",""
"","","","","","","","","",""
"","","","","","","","","",""
"","","","","","","","","",""
"","","","","","","","","",""
"","","","","","","","","",""
"","","","","","","","","",""
"","","","","","","","","",""
"","","","","","","","","",""
"","","","","","","","","",""
"","","","","","","","","",""
"","","","","","","","","",""
"","","","","","","","","",""
"","","","","","","","","",""
"","","","","","","","","",""
"","","","","","","","","",""
"","","","","","","","","",""
"","","","","","","","","",""
"","","","","","","","","",""
"","","","","","","","","",""
"","","","","","","","","",""
"","","","","","","","","",""
"","","","","","","","","",""
"","","","","","","","","",""
"","","","","","","","","",""
"","","","","","","","","",""
"","","","","","","","","",""
"","","","","","","","","",""
"","","","","","","","","",""
"","","","","","","","","",""
"","","","","","","","","",""
"","","","","","","","","",""
"","","","","","","","","",""
"","","","","","","","","",""
"","","","","","","","","",""
"","","","","","","","","",""
"","","","","","","","","",""
"","","","","","","","","",""
"","","","","","","","","",""
"","","","","","","","","",""
"","","","","","","","","",""
"","","","","","","","","",""
"","","","","","","","","",""
"","","","","","","","","",""
"","","","","","","","","",""
"","","","","","","","","",""
"","","","","","","","","",""
"","","","","","","","","",""
"","","","","","","","","",""
"","","","","","","","","",""
"","","","","","","","","",""
"","","","","","","","","",""
"","","","","","","","","",""
"","","","","","","","","",""
"","","","","","","","","",""
"","","","","","","","","",""
"","","","","","","","","",""
"","","","","","","","","",""
"","","","","","","","","",""
"","","","","","","","","",""
"","","","","","","","","",""
"","","","","","","","","",""
"","","","","","","","","",""
"","","","","","","","","",""
"","","","","","","","","",""
"","","","","","","","","",""
"","","","","","","","","",""
"","","","","","","","","",""
"","","","","","","","","",""
"","","","","","","","","",""
"","","","","","","","","",""
"","","","","","","","","",""
"","","","","","","","","",""
"","","","","","","","","",""
"","","","","","","","","",""
"","","","","","","","","",""
"","","","","","","","","",""
"","","","","","","","","",""
"","","","","","","","","",""
"","","","","","","","","",""
"","","","","","","","","",""
"","","","","","","","","",""
"","","","","","","","","",""
"","","","","","","","","",""
"","","","","","","","","",""
"","","","","","","","","",""
"","","","","","","","","",""
"","","","","","","","","",""
"","","","","","","","","",""
"","","","","","","","","",""
"","","","","","","","","",""
"","","","","","","","","",""
"","","","","","","","","",""
"","","","","","","","","",""
"","","","","","","","","",""
"","","","","","","","","",""
"","","","","","","","","",""
"","","","","","","","","",""
"","","","","","","","","",""
"","","","","","","","","",""
"","","","","","","","","",""
"","","","","","","","","",""
"","","","","","","","","",""
"","","","","","","","","",""
"","","","","","","","","",""
"","","","","","","","","",""
"","","","","","","","","",""
"","","","","","","","","",""
"","","","","","","","","",""
"","","","","","","","","",""
"","","","","","","","","",""
"","","","","","","","","",""
"","","","","","","","","",""
"","","","","","","","","",""
"","","","","","","","","",""
"","","","","","","","","",""
"","","","","","","","","",""
"","","","","","","","","",""
"","","","","","","","","",""
"","","","","","","","","",""
"","","","","","","","","",""
"","","","","","","","","",""
"","","","","","","","","",""
"","","","","","","","","",""
"","","","","","","","","",""
"","","","","","","","","",""
"","","","","","","","","",""
"","","","","","","","","",""
"","","","","","","","","",""
"","","","","","","","","",""
"","","","","","","","","",""
"","","","","","","","","",""
"","","","","","","","","",""
"","","","","","","","","",""
"","","","","","","","","",""
"","","","","","","","","",""
"","","","","","","","","",""
"","","","","","","","","",""
"","","","","","","","","",""
"","","","","","","","","",""
"","","","","","","","","",""
"","","","","","","","","",""
"","","","","","","","","",""
"","","","","","","","","",""
"","","","","","","","","",""
"","","","","","","","","",""
"","","","","","","","","",""
"","","","","","","","","",""
"","","","","","","","","",""
"","","","","","","","","",""
"","","","","","","","","",""
"","","","","","","","","",""
"","","","","","","","","",""
"","","","","","","","","",""
"","","","","","","","","",""
"","","","","","","","","",""
"","","","","","","","","",""
"","","","","","","","","",""
"","","","","","","","","",""
"","","","","","","","","",""
"","","","","","","","","",""
"","","","","","","","","",""
"","","","","","","","","",""
"","","","","","","","","",""
"","","","","","","","","",""
"","","","","","","","","",""
"","","","","","","","","",""
"","","","","","","","","",""
"","","","","","","","","",""
"","","","","","","","","",""
"","","","","","","","","",""
"","","","","","","","","",""
"","","","","","","","","",""
"","","","","","","","","",""
"","","","","","","","","",""
"","","","","","","","","",""
"","","","","","","","","",""
"","","","","","","","","",""
"","","","","","","","","",""
"","","","","","","","","",""
"","","","","","","","","",""
"","","","","","","","","",""
"","","","","","","","","",""
"","","","","","","","","",""
"","","","","","","","","",""
"","","","","","","","","",""
"","","","","","","","","",""
"","","","","","","","","",""
"","","","","","","","","",""
"","","","","","","","","",""
"","","","","","","","","",""
"","","","","","","","","",""
"","","","","","","","","",""
"","","","","","","","","",""
"","","","","","","","","",""
"","","","","","","","","",""
"","","","","","","","","",""
"","","","","","","","","",""
"","","","","","","","","",""
"","","","","","","","","",""
"","","","","","","","","",""
"","","","","","","","","",""
"","","","","","","","","",""
"","","","","","","","","",""
"","","","","","","","","",""
"","","","","","","","","",""
"","","","","","","","","",""
"","","","","","","","","",""
"","","","","","","","","",""
"","","","","","","","","",""
"","","","","","","","","",""
"","","","","","","","","",""
"","","","","","","","","",""
"","","","","","","","","",""
"","","","","","","","","",""
"","","","","","","","","",""
"","","","","","","","","",""
"","","","","","","","","",""
"","","","","","","","","",""
"","","","","","","","","",""
"","","","","","","","","",""
"","","","","","","","","",""
"","","","","","","","","",""
"","","","","","","","","",""
"","","","","","","","","",""
"","","","","","","","","",""
"","","","","","","","","",""
"","","","","","","","","",""
"","","","","","","","","",""
"","","","","","","","","",""
"","","","","","","","","",""
"","","","","","","","","",""
"","","","","","","","","",""
"","","","","","","","","",""
"","","","","","","","","",""
"","","","","","","","","",""
"","","","","","","","","",""
"","","","","","","","","",""
"","","","","","","","","","13863"
"","","","","","","","","",""
"","","","","","","","","",""
"","","","","","","","","",""
"","","","","","","","","",""
"","","","","","","","","",""
"","","","","","","","","",""
"","","","","","","","","",""
"","","","","","","","","",""
"","","","","","","","","",""
"","","","","","","","","",""
"","","","","","","","","",""
"","","","","","","","","",""
"","","","","","","","","",""
"","","","","","","","","",""
"","","","","","","","","",""
"","","","","","","","","",""
"","","","","","","","","",""
"","","","","","","","","",""
"","","","","","","","","",""
"","","","","","","","","",""
"","","","","","","","","",""
"","","","","","","","","",""
"","","","","","","","","",""
"","","","","","","","","",""
"","","","","","","","","",""
"","","","","","","","","",""
"","","","","","","","","",""
"","","","","","","","","",""
"","","","","","","","","",""
"","","","","","","","","",""
"","","","","","","","","",""
"","","","","","","","","",""
"","","","","","","","","",""
"","","","","","","","","",""
"","","","","","","","","",""
"","","","","","","","","",""
"","","","","","","","","",""
"","","","","","","","","",""
"","","","","","","","","",""
"","","","","","","","","",""
"","","","","","","","","",""
"","","","","","","","","",""
"","","","","","","","","",""
"","","","","","","","","",""
"","","","","","","","","",""
"","","","","","","","","",""
"","","","","","","","","",""
"","","","","","","","","",""
"","","","","","","","","",""
"","","","","","","","","",""
"","","","","","","","","",""
"","","","","","","","","",""
"","","","","","","","","",""
"","","","","","","","","",""
"","","","","","","","","",""
"","","","","","","","","",""
"","","","","","","","","",""
"","","","","","","","","",""
"","","","","","","","","",""
"","","","","","","","","",""
"","","","","","","","","",""
"","","","","","","","","",""
"","","","","","","","","",""
"","","","","","","","","",""
"","","","","","","","","",""
"","","","","","","","","",""
"","","","","","","","","",""
"","","","","","","","","",""
"","","","","","","","","",""
"","","","","","","","","",""
"","","","","","","","","",""
"","","","","","","","","",""
"","","","","","","","","",""
"","","","","","","","","",""
"","","","","","","","","",""
"","","","","","","","","",""
"","","","","","","","","",""
"","","","","","","","","",""
"","","","","","","","","",""
"","","","","","","","","",""
"","","","","","","","","",""
"","","","","","","","","",""
"","","","","","","","","",""
"","","","","","","","","",""
"","","","","","","","","",""
"","","","","","","","","",""
"","","","","","","","","",""
"","","","","","","","","",""
"","","","","","","","","",""
"","","","","","","","","",""
"","","","","","","","","",""
"","","","","","","","","",""
"","","","","","","","","",""
"","","","","","","","","",""
"","","","","","","","","",""
"","","","","","","","","",""
"","","","","","","","","",""
"","","","","","","","","",""
"","","","","","","","","",""
"","","","","","","","","",""
"","","","","","","","","",""
"","","","","","","","","",""
"","","","","","","","","",""
"","","","","","","","","",""
"","","","","","","","","",""
"","","","","","","","","",""
"","","","","","","","","",""
"","","","","","","","","",""
"","","","","","","","","",""
"","","","","","","","","",""
"","","","","","","","","",""
"","","","","","","","","",""
"","","","","","","","","",""
"","","","","","","","","",""
"","","","","","","","","",""
"","","","","","","","","",""
"","","","","","","","","",""
"","","","","","","","","",""
"","","","","","","","","",""
"","","","","","","","","",""
"","","","","","","","","",""
"","","","","","","","","",""
"","","","","","","","","",""
"","","","","","","","","",""
"","","","","","","","","",""
"","","","","","","","","",""
"","","","","","","","","",""
"","","","","","","","","",""
"","","","","","","","","",""
"","","","","","","","","",""
"","","","","","","","","",""
"","","","","","","","","",""
"","","","","","","","","",""
"","","","","","","","","",""
"","","","","","","","","",""
"","","","","","","","","",""
"","","","","","","","","",""
"","","","","","","","","",""
"","","","","","","","","",""
"","","","","","","","","",""
"","","","","","","","","",""
"","","","","","","","","",""
"","","","","","","","","",""
"","","","","","","","","",""
"","","","","","","","","",""
"","","","","","","","","",""
"","","","","","","","","",""
"","","","","","","","","",""
"","","","","","","","","",""
"","","","","","","","","",""
"","","","","","","","","",""
"","","","","","","","","",""
"","","","","","","","","",""
"","","","","","","","","",""
"","","","","","","","","",""
"","","","","","","","","",""
"","","","","","","","","",""
"","","","","","","","","",""
"","","","","","","","","",""
"","","","","","","","","",""
"","","","","","","","","",""
"","","","","","","","","",""
"","","","","","","","","",""
"","","","","","","","","",""
"","","","","","","","","",""
"","","","","","","","","",""
"","","","","","","","","",""
"","","","","","","","","",""
"","","","","","","","","",""
"","","","","","","","","",""
"","","","","","","","","",""
"","","","","","","","","",""
"","","","","","","","","",""
"","","","","","","","","",""
"","","","","","","","","",""
"","","","","","","","","",""
"","","","","","","","","",""
"","","","","","","","","",""
"","","","","","","","","",""
"","","","","","","","","",""
"","","","","","","","","",""
"","","","","","","","","",""
"","","","","","","","","",""
"","","","","","","","","",""
"","","","","","","","","",""
"","","","","","","","","",""
"","","","","","","","","",""
"","","","","","","","","",""
"","","","","","","","","",""
"","","","","","","","","",""
"","","","","","","","","",""
"","","","","","","","","",""
"","","","","","","","","",""
"","","","","","","","","",""
"","","","","","","","","",""
"","","","","","","","","",""
"","","","","","","","","",""
"","","","","","","","","",""
"","","","","","","","","",""
"","","","","","","","","",""
"","","","","","","","","",""
"","","","","","","","","",""
"","","","","","","","","",""
"","","","","","","","","",""
"","","","","","","","","",""
"","","","","","","","","",""
"","","","","","","","","",""
"","","","","","","","","",""
"","","","","","","","","",""
"","","","","","","","","",""
"","","","","","","","","",""
"","","","","","","","","",""
"","","","","","","","","",""
"","","","","","","","","",""
"","","","","","","","","",""
"","","","","","","","","",""
"","","","","","","","","",""
"","","","","","","","","",""
"","","","","","","","","",""
"","","","","","","","","",""
"","","","","","","","","",""
"","","","","","","","","",""
"","","","","","","","","",""
"","","","","","","","","",""
"","","","","","","","","",""
"","","","","","","","","",""
"","","","","","","","","",""
"","","","","","","","","",""
"","","","","","","","","",""
"","","","","","","","","",""
"","","","","","","","","",""
"","","","","","","","","",""
"","","","","","","","","",""
"","","","","","","","","",""
"","","","","","","","","",""
"","","","","","","","","",""
"","","","","","","","","",""
"","","","","","","","","",""
"","","","","","","","","",""
"","","","","","","","","",""
"","","","","","","","","",""
"","","","","","","","","",""
"","","","","","","","","",""
"","","","","","","","","",""
"","","","","","","","","","12498"
